{"cameraMode":{"drawMode":0,"name":"Shaded","section":"Shading Mode"},"sceneLighting":false,"audioPlay":false,"sceneViewState":{"showFog":true,"showMaterialUpdate":true,"showSkybox":true,"showFlares":true,"showImageEffects":true,"showParticleSystems":true},"in2DMode":false,"pivot":{"x":486.175048828125,"y":62.12959671020508,"z":523.7971801757813},"rotation":{"x":0.13441114127635957,"y":0.0511099137365818,"z":-0.0069421096704900269,"w":0.9895821213722229},"size":176.49880981445313,"orthographic":false}