{"cameraMode":{"drawMode":0,"name":"Shaded","section":"Shading Mode"},"sceneLighting":true,"audioPlay":false,"sceneViewState":{"showFog":true,"showMaterialUpdate":true,"showSkybox":true,"showFlares":true,"showImageEffects":true,"showParticleSystems":true},"in2DMode":false,"pivot":{"x":1157.7381591796875,"y":425.0567932128906,"z":1024.3343505859375},"rotation":{"x":0.011375783942639828,"y":-0.9622670412063599,"z":0.2688017189502716,"w":0.04072351008653641},"size":5.668313026428223,"orthographic":false}